﻿<parameters>
  <parameter name="IIS Web Application Name" defaultValue="Default Web Site/Random Student Picker_deploy" tags="IisApp">
    <parameterEntry kind="ProviderPath" scope="IisApp" match="^C:\\Users\\webstersvilac\\documents\\visual\ studio\ 2010\\Projects\\Random\ Student\ Picker\\Random\ Student\ Picker\\obj\\Release\\Package\\PackageTmp$" />
    <parameterEntry kind="ProviderPath" scope="setAcl" match="^C:\\Users\\webstersvilac\\documents\\visual\ studio\ 2010\\Projects\\Random\ Student\ Picker\\Random\ Student\ Picker\\obj\\Release\\Package\\PackageTmp$" />
  </parameter>
  <parameter name="Add write permission to App_Data Folder" description="Add write permission to App_Data folder" defaultValue="{IIS Web Application Name}/App_Data" tags="Hidden">
    <parameterEntry kind="ProviderPath" scope="setAcl" match="^C:\\Users\\webstersvilac\\documents\\visual\ studio\ 2010\\Projects\\Random\ Student\ Picker\\Random\ Student\ Picker\\obj\\Release\\Package\\PackageTmp\\App_Data$" />
  </parameter>
  <parameter name="baza_studenta-Web.config Connection String" description="baza_studenta Connection String used in web.config by the application to access the database." defaultValue="Data Source=.\SQLEXPRESS;AttachDbFilename=|DataDirectory|\baza_studenta.mdf;Integrated Security=True;User Instance=True" tags="SqlConnectionString">
    <parameterEntry kind="XmlFile" scope="C:\\Users\\webstersvilac\\documents\\visual\ studio\ 2010\\Projects\\Random\ Student\ Picker\\Random\ Student\ Picker\\obj\\Release\\Package\\PackageTmp\\Web\.config$" match="/configuration/connectionStrings/add[@name='baza_studenta']/@connectionString" />
  </parameter>
</parameters>